{
  "scalability": {
    "1000": {
      "FAMM": {
        "P@10": {
          "mean": 0.08,
          "std": 0.0,
          "ci95": 0.0
        },
        "R@10": {
          "mean": 0.8,
          "std": 0.0,
          "ci95": 0.0
        },
        "F1@10": {
          "mean": 0.14545454545454545,
          "std": 0.0,
          "ci95": 0.0
        },
        "NDCG@10": {
          "mean": 0.7261859507142916,
          "std": 0.0,
          "ci95": 0.0
        },
        "MRR": {
          "mean": 0.7,
          "std": 0.0,
          "ci95": 0.0
        },
        "Latency_ms": {
          "mean": 27.318429946899414,
          "std": 0.30670166015625,
          "ci95": 0.42506681444740635
        }
      },
      "SimilarityOnly": {
        "P@10": {
          "mean": 0.09,
          "std": 0.0,
          "ci95": 0.0
        },
        "R@10": {
          "mean": 0.9,
          "std": 0.0,
          "ci95": 0.0
        },
        "F1@10": {
          "mean": 0.16363636363636364,
          "std": 0.0,
          "ci95": 0.0
        },
        "NDCG@10": {
          "mean": 0.9,
          "std": 0.0,
          "ci95": 0.0
        },
        "MRR": {
          "mean": 0.9,
          "std": 0.0,
          "ci95": 0.0
        },
        "Latency_ms": {
          "mean": 4.491877555847168,
          "std": 0.08966922760009766,
          "ci95": 0.1242752090435864
        }
      },
      "ImportanceScoring": {
        "P@10": {
          "mean": 0.09,
          "std": 0.0,
          "ci95": 0.0
        },
        "R@10": {
          "mean": 0.9,
          "std": 0.0,
          "ci95": 0.0
        },
        "F1@10": {
          "mean": 0.16363636363636364,
          "std": 0.0,
          "ci95": 0.0
        },
        "NDCG@10": {
          "mean": 0.9,
          "std": 0.0,
          "ci95": 0.0
        },
        "MRR": {
          "mean": 0.9,
          "std": 0.0,
          "ci95": 0.0
        },
        "Latency_ms": {
          "mean": 4.838824272155762,
          "std": 0.07686614990234375,
          "ci95": 0.10653104864571192
        }
      },
      "EbbinghausDecay": {
        "P@10": {
          "mean": 0.09,
          "std": 0.0,
          "ci95": 0.0
        },
        "R@10": {
          "mean": 0.9,
          "std": 0.0,
          "ci95": 0.0
        },
        "F1@10": {
          "mean": 0.16363636363636364,
          "std": 0.0,
          "ci95": 0.0
        },
        "NDCG@10": {
          "mean": 0.9,
          "std": 0.0,
          "ci95": 0.0
        },
        "MRR": {
          "mean": 0.9,
          "std": 0.0,
          "ci95": 0.0
        },
        "Latency_ms": {
          "mean": 5.94862699508667,
          "std": 0.09406805038452148,
          "ci95": 0.1303716663869902
        }
      },
      "NaiveFIFO": {
        "P@10": {
          "mean": 0.06999999999999999,
          "std": 0.0,
          "ci95": 0.0
        },
        "R@10": {
          "mean": 0.7,
          "std": 0.0,
          "ci95": 0.0
        },
        "F1@10": {
          "mean": 0.12727272727272726,
          "std": 0.0,
          "ci95": 0.0
        },
        "NDCG@10": {
          "mean": 0.7,
          "std": 0.0,
          "ci95": 0.0
        },
        "MRR": {
          "mean": 0.7,
          "std": 0.0,
          "ci95": 0.0
        },
        "Latency_ms": {
          "mean": 4.6593546867370605,
          "std": 0.027287006378173828,
          "ci95": 0.03781786140664308
        }
      }
    },
    "5000": {
      "FAMM": {
        "P@10": {
          "mean": 0.065,
          "std": 0.0049999999999999975,
          "ci95": 0.006929646455628161
        },
        "R@10": {
          "mean": 0.6499999999999999,
          "std": 0.04999999999999999,
          "ci95": 0.06929646455628165
        },
        "F1@10": {
          "mean": 0.11818181818181818,
          "std": 0.00909090909090908,
          "ci95": 0.012599357192051195
        },
        "NDCG@10": {
          "mean": 0.5946394630357186,
          "std": 0.031546487678572877,
          "ci95": 0.04372120130586803
        },
        "MRR": {
          "mean": 0.575,
          "std": 0.024999999999999967,
          "ci95": 0.03464823227814078
        },
        "Latency_ms": {
          "mean": 35.32031774520874,
          "std": 0.015366077423095703,
          "ci95": 0.02129629679037262
        }
      },
      "SimilarityOnly": {
        "P@10": {
          "mean": 0.075,
          "std": 0.0050000000000000044,
          "ci95": 0.006929646455628172
        },
        "R@10": {
          "mean": 0.75,
          "std": 0.050000000000000044,
          "ci95": 0.0692964645562817
        },
        "F1@10": {
          "mean": 0.13636363636363635,
          "std": 0.009090909090909094,
          "ci95": 0.012599357192051214
        },
        "NDCG@10": {
          "mean": 0.75,
          "std": 0.050000000000000044,
          "ci95": 0.0692964645562817
        },
        "MRR": {
          "mean": 0.75,
          "std": 0.050000000000000044,
          "ci95": 0.0692964645562817
        },
        "Latency_ms": {
          "mean": 5.081617832183838,
          "std": 0.1317143440246582,
          "ci95": 0.1825467674451723
        }
      },
      "ImportanceScoring": {
        "P@10": {
          "mean": 0.08,
          "std": 0.0,
          "ci95": 0.0
        },
        "R@10": {
          "mean": 0.8,
          "std": 0.0,
          "ci95": 0.0
        },
        "F1@10": {
          "mean": 0.14545454545454545,
          "std": 0.0,
          "ci95": 0.0
        },
        "NDCG@10": {
          "mean": 0.8,
          "std": 0.0,
          "ci95": 0.0
        },
        "MRR": {
          "mean": 0.8,
          "std": 0.0,
          "ci95": 0.0
        },
        "Latency_ms": {
          "mean": 5.680251121520996,
          "std": 0.047969818115234375,
          "ci95": 0.06648277601587232
        }
      },
      "EbbinghausDecay": {
        "P@10": {
          "mean": 0.075,
          "std": 0.0050000000000000044,
          "ci95": 0.006929646455628172
        },
        "R@10": {
          "mean": 0.75,
          "std": 0.050000000000000044,
          "ci95": 0.0692964645562817
        },
        "F1@10": {
          "mean": 0.13636363636363635,
          "std": 0.009090909090909094,
          "ci95": 0.012599357192051214
        },
        "NDCG@10": {
          "mean": 0.75,
          "std": 0.050000000000000044,
          "ci95": 0.0692964645562817
        },
        "MRR": {
          "mean": 0.75,
          "std": 0.050000000000000044,
          "ci95": 0.0692964645562817
        },
        "Latency_ms": {
          "mean": 12.28475570678711,
          "std": 0.3920316696166992,
          "ci95": 0.5433281739706703
        }
      },
      "NaiveFIFO": {
        "P@10": {
          "mean": 0.065,
          "std": 0.0049999999999999975,
          "ci95": 0.006929646455628161
        },
        "R@10": {
          "mean": 0.6499999999999999,
          "std": 0.04999999999999999,
          "ci95": 0.06929646455628165
        },
        "F1@10": {
          "mean": 0.11818181818181818,
          "std": 0.00909090909090908,
          "ci95": 0.012599357192051195
        },
        "NDCG@10": {
          "mean": 0.6499999999999999,
          "std": 0.04999999999999999,
          "ci95": 0.06929646455628165
        },
        "MRR": {
          "mean": 0.6499999999999999,
          "std": 0.04999999999999999,
          "ci95": 0.06929646455628165
        },
        "Latency_ms": {
          "mean": 5.030834674835205,
          "std": 0.17131567001342773,
          "ci95": 0.23743140510042277
        }
      }
    },
    "10000": {
      "FAMM": {
        "P@10": {
          "mean": 0.055,
          "std": 0.0049999999999999975,
          "ci95": 0.006929646455628161
        },
        "R@10": {
          "mean": 0.55,
          "std": 0.04999999999999999,
          "ci95": 0.06929646455628165
        },
        "F1@10": {
          "mean": 0.1,